ID,Language_ID,Primary_Text,Analyzed_Word,Gloss,Translated_Text,Meta_Language_ID,Comment,Text_ID
ctorat-01,yab, makë ya ta taji rë,makë\tya\tta-∅\ttaji\trë,mother\tERG\tsay-IPFV\t?\tEMP,My mother told this (story).,,,CtoRat
ctorat-02,yab, waijta,waijta,mouse,The mice.,,,CtoRat
ctorat-03,yab, enijpëtërë waraijtokomo ijtëse ti mïjna tëijpo wïnïjse,enijpëtërë\twaraijtokomo\tij-të-se\tti\tmïjna\ttëijpo\twïnïj-se,one\tman\t3-go-PST\tQUOT\tthere\tfar\tsleep-SUP,"A man went there, far, to sleep.",,Focus intonation contour on ‘there’.,CtoRat
ctorat-04,yab, yutu yaka,yutu\tyaka,wilderness\tALL,To the woods.,,,CtoRat
ctorat-05,yab, irëjpë ti ta ti ta,irëjpë\tti\tta-∅\tti\tta,then\tQUOT\tsay-IPFV\tQUOT\tlike,Then she said:,,,CtoRat
ctorat-06,yab, wïnïjse,wïnïj-se,sleep-PST,He slept.,,,CtoRat
ctorat-07,yab, tawani yawë senejka wejsapë irëjpë ënujse kawë,tawani\tyawë\tsenejka\t?\t?\tënuj-se\tkawë,darkness\tLOC\t***\t?\t?\t?\thigh,He was staying in the dark and then went up high (in the house).,,,CtoRat
ctorat-08,yab, kawë ënujse irëjpë,kawë\tënuj-se\tirëjpë,high\tgo.up-PST\tthen,He went up high and then...,,,CtoRat
ctorat-09,yab, ti waijtaton nwajtë wejsapë,ti\twaijta-ton\tnwajtë-∅\twej-sapë,QUOT\tmouse-PL\tdance-IPFV\tCOP-PFV,The mice were dancing.,,,CtoRat
ctorat-10,yab, sakunkai sakunkai,sakunkai\tsakunkai,sakunkai\tsakunkai,"Sakunkai, Sakunkai.",,,CtoRat
ctorat-11,yab,""" sakunkai"" ta ta irëjpë"" sakunkai""",sakunkai\tta-∅\tta\tirëjpë\tsakunkai,sakunkai\tsay-IPFV\tlike\tthen\tsakunkai,"“Sakunkai”, they said, and then “Sakunkai”.",,,CtoRat
ctorat-12,yab, wurijyampïjkë kantajnë tawara rë wejsapë,wurijyam-pïjkë\tkantajnë-∅\ttawara\trë\twej-sapë,woman-DIM\tsing-IPFV\ttoo\tEMP\tCOP-PFV,"The female was singing, too.",,,CtoRat
ctorat-13,yab, tëwï naikonton ti tawara,tëwï\tnai-∅-konton\tti\ttawara,3SG\tdo-IPFV-PL\tQUOT\ttoo,They did like this.,,,CtoRat
ctorat-14,yab, okï yëni tajne ya soj soj soj,okï\tyëni-∅\tta-jne\tya\tsoj\tsoj\tsoj,yarake\tdrink-IPFV\t3-PL\tERG\tID:dabble\tID:dabble\tID:dabble,"They drank chicha, splash.",,,CtoRat
ctorat-15,yab, tajne naijpëtiri warë,ta-jne\tnaij-pëti-ri\twarë,3-PL\tdo-PLUR-IPFV\tthus,They did like this.,,,CtoRat
ctorat-16,yab, irëjpë tëwï waijtatomo nwajtëri,irëjpë\ttëwï\twaijta-tomo\tnwajtë-ri,then\t3SG\tmouse-PL\tdance-IPFV,Then the mice were dancing.,,,CtoRat
ctorat-17,yab, waijtatomo ëjwenakase,waijta-tomo\tëj-wenaka-se,mouse-PL\tDETRZ-vomit-PST,The mice vomited.,,,CtoRat
ctorat-18,yab, irë wejtane ti,irë\twejtane\tti,TMP:DEM\thowever\tQUOT,But it was like this:,,,CtoRat
ctorat-19,yab, pïrarë ti iwenaru wejsapë,pïrarë\tti\ti-wena-ru\twej-sapë,nothing\tQUOT\t3-vomit-PERT\tCOP-PFV,Their vomit was not there.,,,CtoRat
ctorat-20,yab, wenaru pïrarë,wena-ru\tpïrarë,vomit-PERT\tnothing,There was no vomit.,,,CtoRat
ctorat-21,yab, ta ti ta tëwï waraijtokomo ya,ta-∅\tti\tta\ttëwï\twaraijtokomo\tya,say-IPFV\tQUOT\tlike\t3SG\tman\tERG,said the man (?).,,,CtoRat
ctorat-22,yab, sujtase ti wejsapë,suj-ta-se\tti\twej-sapë,urine-VBZ-PST\tQUOT\tCOP-PFV,He urinated.,,More material.,CtoRat
ctorat-23,yab, aaa usukuru morone ta wïrë usujta ta ne,aaa\tu-suku-ru\tmorone\tta\twïrë\tu-suj-ta-∅\tta\tne,ah\t1-urine-PERT\tpainful\tlike\t1SG\t1-urine-VBZ-IPFV\tlike\tINTS,"My urine hurts, I will urinate.",,,CtoRat
ctorat-24,yab, warë sujtase,warë\tsuj-ta-se,thus\turine-VBZ-PST,Then he urinated.,,,CtoRat
ctorat-25,yab, irëjpë ta ti ta konopo wejsarë konopo wejsarë,irëjpë\tta-∅\tti\tta\tkonopo\twej-sarë\tkonopo\twej-sarë,then\tsay-IPFV\tQUOT\tlike\train\tcome-INM\train\tcome-INM,"Then they said: “it’s raining, it’s raining”.",,,CtoRat
ctorat-26,yab, ta ti ta waijtatomo ya,ta-∅\tti\tta\twaijta-tomo\tya,say-IPFV\tQUOT\tlike\tmouse-PL\tERG,...said the mice.,,Missing translation,CtoRat
ctorat-27,yab, irëjpë pïrarë ti warë irëjpë warë,irëjpë\tpïrarë\tti\twarë\tirëjpë\twarë,then\tnothing\tQUOT\tthus\tthen\tthus,Then there was nothing.,,,CtoRat
ctorat-28,yab, irëjpë tawejka yawë,irëjpë\ttawejka-∅\tyawë,then\tto.daylight-NMLZ\tLOC,"Then, in the morning...",,,CtoRat
ctorat-29,yab, waijtatomojpë ijtëse ti,waijta-tomo-jpë\tij-të-se\tti,mouse-PL-PST\t3-go-PST\tQUOT,the mice went away.,,,CtoRat
ctorat-30,yab, tipasekontomo warë irëjpë pïrarë,tipa-se-kontomo\twarë\tirëjpë\tpïrarë,go.group-PST-PL\tthus\tthen\tnothing,They left and were gone.,,,CtoRat
ctorat-31,yab, ëjwenakajpë tainpëtiri waraijtokomo tëwï,ëj-wenaka-jpë\tta-in-pëti-ri\twaraijtokomo\ttëwï,DETRZ-vomit-PST.ACNMLZ\t3P-see-PLUR-IPFV\tman\t3SG,The man saw their vomit.,,Actually *t-ëj-wenaka-jpë*? Also: [kontu] for komo tëwï.,CtoRat
ctorat-32,yab, waraijtokomo ya inpëti ti,waraijtokomo\tya\tin-pëti-∅\tti,man\tOBL\tsee-PLUR-IPFV\tQUOT,He saw it.,,,CtoRat
ctorat-33,yab, irëjpë ti wenakajpë mare pïrarë ti,irëjpë\tti\twenaka-jpë\tmare\tpïrarë\tti,then\tQUOT\tvomit-PST.ACNMLZ\tkeeps.going\tnothing\tQUOT,Then there was nothing of their vomit.,,,CtoRat
ctorat-34,yab, ëkëtë mërë ëkï,ëkëtë\tmërë\tëkï,where\t3IN:MD\tmanioc.beer,Where is the chicha?,,*okï*,CtoRat
ctorat-35,yab, ëkï ta rë pïrarë wenarujpë ta rë pïrarë,ëkï\tta\trë\tpïrarë\twena-ru-jpë\tta\trë\tpïrarë,manioc.beer\tlike\tEMP\tnothing\tvomit-PERT-PST\tlike\tEMP\tnothing,The chicha was gone and so was the vomit.,,,CtoRat
ctorat-36,yab, ta ti wejsaj ti tëwï,ta-∅\tti\twej-saj\tti\ttëwï,say-IPFV\tQUOT\tCOP-PFV\tQUOT\t3SG,...he said.,,,CtoRat
ctorat-37,yab, waijtatomo nwajtë mare,waijta-tomo\tnwajtë-∅\tmare,mouse-PL\tdance-IPFV\tkeeps.going,The mice were dancing.,,,CtoRat
ctorat-38,yab, ëjtë kërëjpë yawë nwajtëkonton ti wejsapë waijta,ëjtë\tkërëjpë\tyawë\tnwajtë-∅-konton\tti\twej-sapë\twaijta,house\told\tLOC\tdance-IPFV-PL\tQUOT\tCOP-PFV\tmouse,In the old house the mice were dancing.,,Something after *yawë*?,CtoRat
ctorat-39,yab, sukase nwajtëri irëjpë ti warë,sukase\tnwajtë-ri\tirëjpë\tti\twarë,all\tdance-IPFV\tthen\tQUOT\tthus,"They were all dancing, then.",,Glottal stop before *warë*?,CtoRat
ctorat-40,yab, tipapëjsejne waijtajne,tipa-pëj-se-jne\twaijta-jne,go.group-PLUR-PST-PL\tmouse-PL,the mice went away.,,,CtoRat
ctorat-41,yab, ajpachi yaka pïnika ëkëjna neke wonse,ajpachi\tyaka\tpïnika\tëkëjna\tneke\twon-se,weeds\tALL\tPROB\twhere.to\tCONTRAST\tenter-PST,"Probably to the woods, dunno where they went.",,,CtoRat
ctorat-42,yab, tëwï ajpachi yaka wonse pïnika tëwï,tëwï\tajpachi\tyaka\twon-se\tpïnika\ttëwï,3SG\tweeds\tALL\tenter-PST\tPROB\t3SG,Maybe they went to the woods.,,,CtoRat
ctorat-43,yab, tëwï ma tase makë ya,tëwï\tma\tta-se\tmakë\tya,3SG\tRESTR\tsay-PST\tmother\tERG,That’s what my mother said.,,Missing translation,CtoRat
ctorat-44,yab, tawara ma ta ti wejsapë tëwï waraijtokon maniki,tawara\tma\tta-∅\tti\twej-sapë\ttëwï\twaraijtokon\tmaniki,too\tRESTR\tsay-IPFV\tQUOT\tCOP-PFV\t3SG\tman\t?,That’s all she said.,,Mismatch of audio & transcription.,CtoRat
ctorat-45,yab, irëjpë ijtëse,irëjpë\tij-të-se,then\t3-go-PST,Then the man went.,,,CtoRat
ctorat-46,yab, tïwïj yaka waraijtokomo manikijpë,t-ïwïj\tyaka\twaraijtokomo\tmaniki-jpë,3-house\tALL\tman\t?-PST,He went to his house.,,,CtoRat
anfoperso-01,yab, wïrë tawara rë entë,wïrë\ttawara\trë\tentë,1SG\ttoo\tEMP\there,yo estaba aquí (en San Juan Manapiare),,nan,HistAnFo
anfoperso-02,yab," ana këyetajpë, intipijkë ana chi yawë",ana\tkëyeta-jpë\tintipijkë\tana\tchi-∅\tyawë,1+3\tgrow.up-PST\ta.little\t1+3\tCOP-NMLZ\tLOC,nos criamos cuando estábamos chiquiticos nosotros,,nan,HistAnFo
anfoperso-03,yab, ana yïmï sëmajpë pe,ana\tyïmï\tsëma-jpë\tpe,1+3\tfather\tdie-PST\tESS,cuando se murió mi papá,,nan,HistAnFo
anfoperso-04,yab," ana këyetase papa kampra ya, ana yoti wejsapë yojtë ta sukase aroma warai, yakuri warai yojtë wejsaj ta",ana\tkëyeta-se\tpapa\tkampra\tya\tana\ty-oti\twej-sapë\tyojtë-∅\tta\tsukase\taroma\twarai\tyakuri\twarai\tyojtë-∅\twej-saj\tta,1+3\tgrow.up-PST\tfather:VOC\tbig\tERG\t1+3\tLK-game.food\tCOP-PFV\tfish-IPFV\tlike\tall\tpaca\tlike\tagouti\tlike\tfish-IPFV\tCOP-PFV\tlike,"nosotros crecimos, mi tio pescaba toda nuestra comida, lapa, picure",,nan,HistAnFo
anfoperso-05,yab," papa kampra ya, makampra ya ta wejsaj ta, maijtë kaimotata, mukuton yomiri",papa\tkampra\tya\tmakampra\tya\tta-∅\twej-saj\tta\tmaijtë\tkaimo-ta-ta\tmuku-ton\tyomi-ri,father:VOC\tbig\tERG\tmaternal.aunt:VOC\tERG\tsay-IPFV\tCOP-PFV\tlike\tgo.IMP\tgame-VBZ-MOTIMP\tchild-PL\tbe.hungry-IPFV,"mi tía estaba diciendo para mi tío ""vaya a cazar que los niños tienen hambre""",,nan,HistAnFo
anfoperso-06,yab," asamori ta wejsaj ta, irë makë ta wejsapë",asamo-ri\tta-∅\twej-saj\tta\tirë\tmakë\tta-∅\twej-sapë,cry-IPFV\tsay-IPFV\tCOP-PFV\tlike\tTMP:DEM\tmother\tsay-IPFV\tCOP-PFV,"mi  tía dijo ""están llorando""",,nan,HistAnFo
anfoperso-07,yab," pachi, kërë takï yëmi pïnirë",pachi\t?\t?\t?\tpïnirë,older.sister.F\t?\t?\t?\tnothing,"dijo ""hermana, ese no tiene hambre""",,nan,HistAnFo
anfoperso-08,yab, asamorijra asamori muku,asamo-ri-jra\tasamo-ri\tmuku,cry-IPFV-NEG\tcry-IPFV\tchild,por llorar no más lloran los niños,,nan,HistAnFo
anfoperso-09,yab," tejetum pïnika, ta wejsaj ta makë ya, makë pano ya",tejetum\tpïnika\tta-∅\twej-saj\tta\tmakë\tya\tmakë\tpano\tya,sick\tPROB\tsay-IPFV\tCOP-PFV\tlike\tmother\tERG\tmother\tdeceased\tERG,"mi mamá decía ""no ese está enfermo será",,nan,HistAnFo
anfoperso-10,yab," sukase ta wejsaj ta, irëjpë papa kampra ijtëri",sukase\tta-∅\twej-saj\tta\tirëjpë\tpapa\tkampra\tij-të-ri,all\tsay-IPFV\tCOP-PFV\tlike\tthen\tfather:VOC\tbig\t3-go-IPFV,"todo decía, después se iba mi tío",,nan,HistAnFo
anfoperso-11,yab, ipakuri yakërë,i-pakuri\t?,3-arrow\t?,con su flecha,,nan,HistAnFo
anfoperso-12,yab," irëjpë sakara nepï wejsaj ta, irëjpë michi",irëjpë\tsakara\tnepï-∅\twej-saj\tta\tirëjpë\tmichi,then\tfish.sp\tbring-IPFV\tCOP-PFV\tlike\tthen\t3AN:PX,"traía guabina, después (decía) aquí está",,nan,HistAnFo
anfoperso-13,yab, yakono ijmojkakë mukuton yoti ta wejsaj ta,y-akono\tijmojka-kë\tmuku-ton\ty-oti\tta-∅\twej-saj\tta,LK-ygr.brother\tcook-IMP\tchild-PL\tLK-game.food\tsay-IPFV\tCOP-PFV\tlike,"después dice, hermana cocina para que coman los niños",,nan,HistAnFo
anfoperso-14,yab," makampra ya, makë pana",makampra\tya\tmakë\tpana,maternal.aunt:VOC\tERG\tmother\tDAT,mi tía dijo pa mi mamá,,nan,HistAnFo
anfoperso-15,yab, irë makë ya ijmojka wejsapë,irë\tmakë\tya\tijmojka-∅\twej-sapë,TMP:DEM\tmother\tERG\tcook-IPFV\tCOP-PFV,después mi mamá estaba cocinando,,nan,HistAnFo
anfoperso-16,yab," ana yoti, ana serematojpe",ana\ty-oti\tana\ts-erema-tojpe,1+3\tLK-game.food\t1+3\tDETRZ-feed-PURP,"nuestra comida, para comer",,nan,HistAnFo
anfoperso-17,yab," tawara ma ana këyetajpë, ana papa pan patajpë të",tawara\tma\tana\tkëyeta-jpë\tana\tpapa\tpan\tpata-jpë\ttë,too\tRESTR\t1+3\tgrow.up-PST\t1+3\tfather:VOC\tdeceased\ttown-PST\tLOC,así nos criamos después de que se murió mi papá en su pueblo,,nan,HistAnFo
anfoperso-18,yab, papa pano sëmasaj yawë,papa\tpano\tsëma-saj\tyawë,father:VOC\tdeceased\tdie-NMLZ\tLOC,porque se murió mi papá,,nan,HistAnFo
anfoperso-19,yab, irë ana këyetase tawara ma,irë\tana\tkëyeta-se\ttawara\tma,TMP:DEM\t1+3\tgrow.up-PST\ttoo\tRESTR,nosotros nos críamos así mismo,,nan,HistAnFo
anfoperso-20,yab," sukase ana këyetase pipi yakërë, ana këyetase intipijkë ana chawë",sukase\tana\tkëyeta-se\tpipi\ty-akërë\tana\tkëyeta-se\tintipijkë\tana\tch=awë,all\t1+3\tgrow.up-PST\tbrother:VOC\tLK-COM\t1+3\tgrow.up-PST\ta.little\t1+3\tCOP=LOC,con mi hermanito,,nan,HistAnFo
anfoperso-21,yab, ana këyetase makampra ya,ana\tkëyeta-se\tmakampra\tya,1+3\tgrow.up-PST\tmaternal.aunt:VOC\tOBL,nosotros nos criamos con mi tía,,nan,HistAnFo
anfoperso-22,yab," tëwï ya papa kampra pana tase ta, kaimotata",tëwï\tya\tpapa\tkampra\tpana\tta-se\tta\tkaimo-ta-ta,3SG\tERG\tfather:VOC\tbig\tDAT\tsay-SUP\tlike\tgame-VBZ-MOTIMP,"pa mi tío dijo, vaya a cazar",,nan,HistAnFo
anfoperso-23,yab, yomiri mukutomo,yomi-ri\tmuku-tomo,be.hungry-IPFV\tchild-PL,tienen hambre los niños,,nan,HistAnFo
anfoperso-24,yab, asamo mare tapëkë ijtëri weroro yarë ta yakuri këjmatojpe,asamo-∅\tmare\ttapëkë\tij-të-ri\tweroro\tyarë-∅\tta\tyakuri\tkëjma-tojpe,cry-NMLZ\tREL.INAN\tthat.s.why\t3-go-IPFV\tdog\tcarry-IPFV\tlike\tagouti\tbark.at.O-PURP,porque estaban llorando iba llevando los perros para que cazaran picure,,nan,HistAnFo
anfoperso-25,yab, irë yakuri,?\tyakuri,?\tagouti,,,nan,HistAnFo
anfoperso-26,yab, taturu makampra ya ana yoti,ta-tu-ru\tmakampra\t?\tana\ty-oti,3P-give-IPFV\tmaternal.aunt:VOC\t?\t1+3\tLK-game.food,mi tía lo da comida de nosotros,,nan,HistAnFo
anfoperso-27,yab, ijmokatojpe,ijmoka-tojpe,cook-PURP,para cocinar,,nan,HistAnFo
anfoperso-28,yab, irëjpë makë ya ijmojka wejsapë,?\t?\t?\tijmojka-∅\twej-sapë,?\t?\t?\t?\tCOP-PFV,después mi mamá estaba cocinando,,nan,HistAnFo
anfoperso-29,yab," ana yoti, yakuri",ana\ty-oti\tyakuri,1+3\tLK-game.food\tagouti,"nuestra comida, el picure",,nan,HistAnFo
anfoperso-30,yab, makampra ya tujpë,makampra\t?\t?,maternal.aunt:VOC\t?\t?,lo que mi tía le dió,,nan,HistAnFo
anfoperso-31,yab," sukase tawara ma ana këyatajpë, onono pëkë",sukase\ttawara\tma\tana\tkëyata-jpë\tonono\tpëkë,all\ttoo\tRESTR\t1+3\tgrow.up-PST\tanother\ton.surface,"toditos nos críamos así, de otra manera",,nan,HistAnFo
anfoperso-32,yab, kïmïi ma yeme ana ya,kïmïi\tma\tyeme-∅\tana\tya,hot.pepper\tRESTR\teat.fruit-IPFV\t1+3\tERG,nosotros estábamos comiendo puro ají,,nan,HistAnFo
anfoperso-33,yab," sere yokïrï, irëjpë sukutaka yeni ana ya",sere\tyokï-rï\tirëjpë\tsukutaka\tyeni-∅\tana\tya,cassava.bread\teat.starch-IPFV\tthen\tmanioc.drink\tdrink-IPFV\t1+3\tERG,"comiendo casabe, después tomabamos yucuta",,nan,HistAnFo
anfoperso-34,yab," tëwï kïmïi yemetïkene, ana yeni wejsapë sukutaka ma",tëwï\tkïmïi\tyeme-tïkene\tana\tyeni-∅\twej-sapë\tsukutaka\tma,3SG\thot.pepper\teat.fruit-POST\t1+3\tdrink-IPFV\tCOP-PFV\tmanioc.drink\tRESTR,"después de que comemos ají, tomamos yucuta",,nan,HistAnFo
anfoperso-35,yab, nwarë ana këyatajpë ana,nwarë\tana\tkëyata-jpë\tana,thus\t1+3\tgrow.up-PST\t1+3,así nos criamos nosotros,,nan,HistAnFo
anfoperso-36,yab, irëjpë rë neke n ti,?\trë\tneke\tn\tti,?\tEMP\tCONTRAST\tINTS\tQUOT,después sí,,nan,HistAnFo
anfoperso-37,yab, makë sepanse,makë\tsepan-se,mother\tmarry-PST,mi mamá se casó,,nan,HistAnFo
anfoperso-38,yab, Rafa Perez pan yakërë,rafa\tperez\tpan\t?,Rafel\tPérez\tdeceased\t?,con el finado Rafel Pérez,,nan,HistAnFo
anfoperso-39,yab," irëjpë, tëwï yakërë, ana këyatase",irëjpë\ttëwï\ty-akërë\tana\tkëyata-se,then\t3SG\tLK-COM\t1+3\tgrow.up-PST,despúes con él nos criamos,,nan,HistAnFo
anfoperso-40,yab," yatampe ana tëse, pipi tawara rë waraijtokompe ijtëse",yatam-pe\tana\ttë-se\tpipi\ttawara\trë\twaraijtokom-pe\tij-të-se,young-ESS\t1+3\tgo-PST\tbrother:VOC\ttoo\tEMP\tman-ESS\t3-go-PST,"nos volvimos muchachos, mi hermano también se volvió hombre",,nan,HistAnFo
anfoperso-41,yab, ana këyatase tëwï yakërë,ana\tkëyata-se\ttëwï\ty-akërë,1+3\tgrow.up-PST\t3SG\tLK-COM,nos criamos con él,,nan,HistAnFo
anfoperso-42,yab, ana padrastro yakërë,ana\tpadrastro\t?,1+3\tpadrastro\t?,con nuestro padrastro,,nan,HistAnFo
anfoperso-43,yab, tëwï ya ana këyamase,tëwï\tya\tana\tkëyama-se,3SG\tERG\t1+3\tcreate-PST,el nos crio,,nan,HistAnFo
anfoperso-44,yab, muku wëra ana këyamase ta,muku\twëra\tana\tkëyama-se\tta,child\tlike\t1+3\tcreate-PST\tlike,"como a sus hijos nos crió a nosotros, pues",,nan,HistAnFo
anfoperso-45,yab, nopano wejsaj ta waraijtokomo,nop-ano\twej-saj\tta\twaraijtokomo,good-NMLZ\tCOP-PFV\tlike\tman,ese hombre era bueno,,nan,HistAnFo
anfoperso-46,yab," ana tapaja ta, ana këyatase nope",ana\ttapa-∅-ja\tta\tana\tkëyata-se\tnope,1+3\thit-IPFV-NEG\tlike\t1+3\tgrow.up-PST\tgood,"ese no pegaba nada, nosotros nos criamos bien",,nan,HistAnFo
anfoperso-47,yab," tëwï waraijtokon yakërë, ana këyamase ta wejsapë",tëwï\twaraijtokon\ty-akërë\tana\tkëyama-se\tta\twej-sapë,3SG\tman\tLK-COM\t1+3\tcreate-PST\tlike\tCOP-PFV,con ese hombre nos crio,,nan,HistAnFo
anfoperso-48,yab, takërë ana wejsapë ïmparëjra,t-akërë\tana\twej-sapë\tïmparëjra,3-COM\t1+3\tCOP-PFV\tlong.time,estuvimos mucho tiempo con él,,nan,HistAnFo
anfoperso-49,yab, irëjpë rë warë tajtojpe pïnika wïrë sepanse,irëjpë\trë\twarë\ttajtojpe\tpïnika\twïrë\tsepan-se,then\tEMP\tthus\tHESIT\tPROB\t1SG\tmarry-PST,"después, mas ahora, yo me casé",,nan,HistAnFo
anfoperso-50,yab, irëjpë,?,?,después,,nan,HistAnFo
anfoperso-51,yab, ana wejsapë,ana\twej-sapë,1+3\tCOP-PFV,nosotros estábamos,,nan,HistAnFo
anfoperso-52,yab," makë yakërë ma wejtane, tëijpë rë pïjkë ana yïwïtï",makë\ty-akërë\tma\twejtane\ttëijpë\trë\tpïjkë\tana\ty-ïwïtï,mother\tLK-COM\tRESTR\thowever\tfar\tEMP\tDIM\t1+3\tLK-house,"aunque estaba con mi mamá, nuestra casa estaba un poquito lejos",,nan,HistAnFo
anfoperso-53,yab," ana yïwïj yawë ana senejka wejsapë, tawara ma ana këyatajpë ana",ana\ty-ïwïj\tyawë\tana\tsenejka\t?\ttawara\tma\tana\tkëyata-jpë\tana,1+3\tLK-house\tLOC\t1+3\t***\t?\ttoo\tRESTR\t1+3\t?\t1+3,"nosotros estábamos en nuestra casa, así nos criamos",,nan,HistAnFo
anfoperso-54,yab, papa pano patajpë të,papa\tpano\tpata-jpë\ttë,father:VOC\tdeceased\ttown-PST\tLOC,en lo que era el pueblo del finado mi papá,,nan,HistAnFo
anfoperso-55,yab, ëmpare,ëmpare,already,ya,,nan,HistAnFo
convrisamaj-01,yab," ati rë warai mërë iniri, irëjpë mëyarika ti",ati\trë\twarai\tmërë\tini-ri\tirëjpë\tmë-yarika-∅\tti,what\tEMP\tlike\t2SG\tsee-IPFV\tthen\t2-laugh.at-IPFV\tQUOT,You see something and then you laugh.,,,ConvRisaMAJ
convrisamaj-02,yab," mëyaruwari, mëpëkëpene",më-yaruwa-ri\tmë-pëkëpene,2-laugh-IPFV\t2-alone,You just laugh.,,,ConvRisaMAJ
convrisamaj-03,yab," ejnë pëkëpene ejnë yaruwaja, ënka wanene",ejnë\tpëkëpene\tejnë\tyaruwa-∅-ja\tënka\twanene,1+2\talone\t1+2\tlaugh-IPFV-NEG\tright\taunt:VOC,"We don’t just laugh, right, aunt?",,,ConvRisaMAJ
convrisamaj-04,yab, wïrë yaruwarijra###,wïrë\tyaruwa-ri-jra,1SG\tlaugh-IPFV-NEG,I don’t laugh.,,,ConvRisaMAJ
convrisamaj-05,yab," ejnë yaruwari tajne yakarama pëkë rë nwarë, nope esene mare, tawara neke ne, ënka",ejnë\tyaruwa-ri\tta-jne\tyakarama-∅\tpëkë\trë\tnwarë\tnope\tesene-∅\tmare\ttawara\tneke\tne\tënka,1+2\tlaugh-IPFV\t3-PL\ttell-NMLZ\ton.surface\tEMP\tthus\tgood\tsee.self-IPFV\tREL.INAN\ttoo\tCONTRAST\tINTS\tright,"We laugh when somebody tells (us) something, something you see well, like that, right.",,,ConvRisaMAJ
convrisamaj-06,yab,¿ kwase ejnë yaruwari?,kwase\tejnë\tyaruwa-ri,how\t1+2\tlaugh-IPFV,How will we laugh?,,More material after *yaruwari*.,ConvRisaMAJ
convrisamaj-07,yab," wïrë yaruwakempïnirë, mëkïsantomo a-ja-ja tajtane",wïrë\tyaruwa-kempïnirë\tmëkïsantomo\tajaja\ttaj-tane,1SG\tlaugh-PTCP.NZR.GNO:NEG\t3AN:RM:PL\thahaha\tsay-CNCS,"I don’t laugh, but they are saying “hahaha”.",,,ConvRisaMAJ
convrisamaj-08,yab,"¡ kï%¡¿ mokontomo serekapojra ka mokontomo yaruwari%¿ wïrë yaruwarijra taro wïrë, ta ta wïrë ya",kï\tmokontomo\tsereka-po-jra\tka\tmokontomo\tyaruwa-ri\twïrë\tyaruwa-ri-jra\ttaro-∅\twïrë\tta-∅\tta\twïrë\tya,oh\t2PL\ttire-DES-NEG\tQP\t2PL\tlaugh-IPFV\t1SG\tlaugh-IPFV-NEG\tsay-IPFV\t1SG\tsay-IPFV\tlike\t1SG\tERG,"Oh! You don’t get tired of laughing? I don’t laugh, is what I’m saying.",,What’s yaruwa-ri?,ConvRisaMAJ
convrisamaj-09,yab," tëwï neke ne, tajne yakarama pokono nwarë tajne iri mïntë, tunampe",tëwï\tneke\tne\tta-jne\tyakarama-∅\tpoko-no\tnwarë\tta-jne\ti-ri\tmïntë\ttunampe,3SG\tCONTRAST\tINTS\t3-PL\ttell-IPFV\ton.surface-NMLZ\tlike\t3-PL\tput-IPFV\tthere\tunbeknownst,"Yes indeed, they tell what they are doing there on the down-low.",,What is *poko-no* here?,ConvRisaMAJ
convrisamaj-10,yab," tajne yarikari irëjpë, tajne yakarama pokono",ta-jne\tyarika-ri\tirëjpë\tta-jne\tyakarama-∅\tpoko-no,3-PL\tlaugh.at-IPFV\tthen\t3-PL\ttell-NMLZ\ton.surface-NMLZ,They laugh because they tell it.,,What is *irëjpë*?,ConvRisaMAJ
convrisamaj-11,yab," tawaja ejnë, ejnë neke ne, ejnë pëkëpene ejnë yarikaja",tawaja\tejnë\tejnë\tneke\tne\tejnë\tpëkëpene\tejnë\tyarika-∅-ja,not.thus\t1+2\t1+2\tCONTRAST\tINTS\t1+2\talone\t1+2\tlaugh.at-IPFV-NEG,"We’re not like that, we don’t just laugh.",,,ConvRisaMAJ
convrisamaj-12,yab,¿ ati ejnë yaruwari?,ati\tejnë\tyaruwa-ri,what\t1+2\tlaugh-IPFV,What are we going to laugh about?,,,ConvRisaMAJ
convrisamaj-13,yab," pïrarë, seneja ejnë yarikatopo",pïrarë\tsene-∅-ja\tejnë\tyarika-topo,nothing\tsee.self-IPFV-NEG\t1+2\tlaugh.at-CIRC.NMLZ,"Nothing, there’s nothing for us to laugh.",,,ConvRisaMAJ
convrisamaj-14,yab, nwarë ti ta ta,nwarë\tti\t?\t?,like\tQUOT\t?\t?,That’s what I say.,,,ConvRisaMAJ
convrisamaj-15,yab, taitapo ti,ta-ita-po\tti,3P-hear-DES\tQUOT,I want to hear it.,,,ConvRisaMAJ
convrisamaj-16,yab,¿ ati ta ta?,ati\tta-∅\tta,what\tsay-IPFV\tlike,What are you saying?,,,ConvRisaMAJ
convrisamaj-17,yab, chiri ma wïrë taro,chi-ri\tma\twïrë\ttaro-∅,COP-NMLZ\tRESTR\t1SG\tsay-IPFV,That’s all I’m saying.,,,ConvRisaMAJ
convrisamaj-18,yab," tawarama taro wïrë, wïrë yewenke",tawara=ma\ttaro-∅\twïrë\twïrë\ty-ewenke,too=RESTR\tsay-IPFV\t1SG\t1SG\tLK-not.know,"That’s all I’m saying, too, I don’t know.",,,ConvRisaMAJ
convrisamaj-19,yab,¿ ati pëkë ejnë yaruwari?,ati\tpëkë\tejnë\tyaruwa-ri,what\ton.surface\t1+2\tlaugh-IPFV,What are we going to laugh about?,,,ConvRisaMAJ
convrisamaj-20,yab,### yaruwakempïnirë wïrë,yaruwa-kempïnirë\twïrë,laugh-PTCP.NZR.GNO:NEG\t1SG,I don’t laugh.,,,ConvRisaMAJ
convrisamaj-21,yab," wïrë yaruwakempïnirë wïrë senejkarï uyïwïj yaka sukuri, jwama",wïrë\tyaruwa-kempïnirë\twïrë\tsenejkarï\tu-y-ïwïj\t?\t?\tjwama,1SG\tlaugh-PTCP.NZR.GNO:NEG\t1SG\t***\t1-LK-house\t?\t?\t***,"I don’t laugh, I silently stay in my house.",,,ConvRisaMAJ
convrisamaj-22,yab, mëkïsantomo yaruwari wïrë itari,mëkïsantomo\tyaruwa-ri\twïrë\tita-ri,3AN:RM:PL\tlaugh-IPFV\t1SG\thear-IPFV,They’re laughing and I’m listening.,,Something after *itari*?,ConvRisaMAJ
convrisamaj-23,yab," kï, serekapojra ka mokontomo yaruwari",kï\tsereka-po-jra\tka\tmokontomo\tyaruwa-ri,oh\ttire-DES-NEG\tQP\t2PL\tlaugh-NMLZ,"Ugh, don’t you get tired from laughing so much?",,*yaruwa-ri*?,ConvRisaMAJ
convrisamaj-24,yab, wïrë wajyakïtïjra taro wïrë ta wïrë ya,wïrë\twajyakïtï-∅-jra\ttaro-∅\twïrë\tta-∅\twïrë\tya,1SG\tbe.happy-IPFV-NEG\tsay-IPFV\t1SG\tsay-IPFV\t1SG\tERG,I’m saying I am not happy.,,No initial *wïrë*?,ConvRisaMAJ
convrisamaj-25,yab, kajkë,kaj-kë,say-IMP,You’re right.,,,ConvRisaMAJ
convrisamaj-26,yab,### ta wejsaj wïrë,ta-∅\twej-saj\twïrë,say-IPFV\tCOP-PFV\t1SG,### I say.,,,ConvRisaMAJ
convrisamaj-27,yab," tawaraij wïrë, yaruwakempïnirë,",tawaraij\twïrë\tyaruwa-kempïnirë,thus.N\t1SG\tlaugh-PTCP.NZR.GNO:NEG,"I’m not like that, I don’t laugh.",,,ConvRisaMAJ
convrisamaj-28,yab, uyïwïj yawë usenejkari sukuri jwama,u-y-ïwïj\tyawë\tu-senejka-ri\tsukuri\tjwama,1-LK-house\tLOC\t1-remain-IPFV\tquietly\t***,I silently stay in my house.,,,ConvRisaMAJ
convrisamaj-29,yab, nope seneja chipokono ejnë pana nope seneja chipokono ejnë yaruwatopo pïrärë,nope\tsene-∅-ja\tchi=poko-no\tejnë\tpana\tnope\tsene-∅-ja\tchi=poko-no\tejnë\tyaruwa-topo\tpïrärë,good\tsee.self-IPFV-NEG\tCOP=on.surface-NMLZ\t1+2\tDAT\tgood\tsee.self-IPFV-NEG\tCOP=on.surface-NMLZ\t1+2\tlaugh-CIRC.NMLZ\t***,"We don’t see anything good, so we don’t laugh.",,Typo: *pïrärë*.,ConvRisaMAJ
convrisamaj-30,yab," inkë, irë nwa chipëkë",in-kë\tirë\tnwa\tchi=pëkë,see-IMP\tTMP:DEM\tthus\tCOP=on.surface,"You see, that’s why.",,,ConvRisaMAJ
convrisamaj-31,yab, mërë nwa chipokono ejnë yarikaja,mërë\tnwa\tchi=poko-no\tejnë\tyarika-∅-ja,3IN:MD\tthus\tCOP=on.surface-NMLZ\t1+2\tlaugh.at-IPFV-NEG,That’s why we don’t laugh.,,,ConvRisaMAJ
convrisamaj-32,yab, tëwïsantomo neke ne yaruwatëpëkë ma rë chikontomo,tëwïsantomo\tneke\tne\tyaruwa-tëpëkë\tma\trë\tchi-∅-kontomo,3PL\tCONTRAST\tINTS\tlaugh-PROG.INTR\tRESTR\tEMP\tCOP-IPFV-PL,But they’re constantly laughing.,,"*tëwïsanto*, no *-mo*.",ConvRisaMAJ
convrisamaj-33,yab, tajne ini pokono waimukontomo,ta-jne\tini-∅\tpoko-no\twaimu-∅-kontomo,3-PL\tsee-NMLZ\ton.surface-NMLZ\tspeak-IPFV-PL,Because they see they laugh.,,,ConvRisaMAJ
convrisamaj-34,yab," tajne ya ijpë mare tëwï, tajne ya yekerema pïnika ta wïrë",ta-jne\tya\ti-jpë\tmare\ttëwï\tta-jne\tya\tyekerema\tpïnika\tta-∅\twïrë,3-PL\tERG\tput-PST\tREL.INAN\t3SG\t3-PL\tERG\t***\tPROB\tsay-IPFV\t1SG,"What they did, they’re going to tell.",,,ConvRisaMAJ
convrisamaj-35,yab," pïnika, pïnika, tawara chipokon pïnika yaruwakontomo",pïnika\tpïnika\ttawara\tchi=poko-n\tpïnika\tyaruwa-∅-kontomo,PROB\tPROB\ttoo\tCOP=on.surface-NMLZ\tPROB\tlaugh-IPFV-PL,So that’s why they’re laughing.,,No *-mo*.,ConvRisaMAJ
convrisamaj-36,yab, taro mare wïrë ya,taro-∅\tmare\twïrë\tya,say-IPFV\tkeeps.going\t1SG\tERG,yo no sé nada pero digo así,,Unclear Spanish translation.,ConvRisaMAJ
convrisamaj-37,yab, nwa ma pïnika ta wïrë ya,nwa\tma\tpïnika\tta-∅\twïrë\tya,thus\tRESTR\tPROB\tsay-IPFV\t1SG\tERG,So I won’t say any more.,,,ConvRisaMAJ
convrisamaj-38,yab, tejpore sa ne yaruwakontomo,tejpore\tsa\tne\tyaruwa-∅-kontomo,tasty\tEVAL\tINTS\tlaugh-IPFV-PL,They like laughing.,,No *-mo*.,ConvRisaMAJ
convrisamaj-40,yab, tawarama wïrë itari onono parë,tawara=ma\twïrë\tita-ri\tonono\tparë,too=RESTR\t1SG\thear-IPFV\tanother\tand,I also listened some times.,,,ConvRisaMAJ
convrisamaj-42,yab, yaruwakontomo yatum ponoko,yaruwa-∅-kontomo\tyatum\tponoko,laugh-IPFV-PL\tsun\tevery,They laugh every day.,,,ConvRisaMAJ
convrisamaj-43,yab, ta takontomo,ta-∅\t?,say-IPFV\t?,That’s what they say (?),,,ConvRisaMAJ
convrisamaj-44,yab, wïrë inija ta rë,wïrë\tini-∅-ja\tta\trë,1SG\tsee-IPFV-NEG\tlike\tEMP,I haven’t seen.,,,ConvRisaMAJ
convrisamaj-45,yab,"¡ kë%¡ mokontomo wajyakïtï ta, wïrë wajyakïtïjra taro wïrë ta wïrë ya",kë\tmokontomo\twajyakïtï-∅\tta\twïrë\twajyakïtï-∅-jra\ttaro-∅\twïrë\tta\twïrë\tya,ouch\t2PL\tbe.happy-IPFV\tlike\t1SG\tbe.happy-IPFV-NEG\tsay-IPFV\t1SG\tlike\t1SG\tERG,"Ugh, you are happy but I am not, I say.",,,ConvRisaMAJ
convrisamaj-46,yab, uyarë wïrë përemekïrï,u-ya=rë\twïrë\tpëremekï-rï,1-ERG=EMP\t1SG\ttalk-IPFV,I just talk.,,,ConvRisaMAJ
convrisamaj-47,yab," aniki narëpe yakërë ejnë përemekïrï, ejnë pëkëpene, wanene",aniki\tnarëpe\ty-akërë\tejnë\tpëremekï-rï\tejnë\tpëkëpene\twanene,who\t***\tLK-COM\t1+2\ttalk-IPFV\t1+2\talone\taunt:VOC,"Who are we gonna talk to? We’re alone, aunt.",,,ConvRisaMAJ
convrisamaj-48,yab, pïrarë ejnë chiyakon chipokono ejnë yaruwatopo pïrarë,pïrarë\tejnë\tchiyakon\tchi=poko-no\tejnë\tyaruwa-topo\tpïrarë,nothing\t1+2\tfriend\tCOP=on.surface-NMLZ\t1+2\tlaugh-CIRC.NMLZ\tnothing,Because we don’t have friends we don’t have anything to laugh.,,,ConvRisaMAJ
convrisamaj-49,yab, inkë,in-kë,see-IMP,That’s right!,,,ConvRisaMAJ
convrisamaj-50,yab," ejnë pëkëpene ejnë chi yawë, ejnë yarikaja",ejnë\tpëkëpene\tejnë\tchi-∅\tyawë\tejnë\tyarika-∅-ja,1+2\talone\t1+2\tCOP-NMLZ\tLOC\t1+2\tlaugh.at-IPFV-NEG,"When we’re alone, we don’t laugh.",,,ConvRisaMAJ
convrisamaj-51,yab,¿ ati ejnë yarikari%¿ pïrarë,ati\tejnë\tyarika-ri\tpïrarë,what\t1+2\tlaugh.at-IPFV\tnothing,What are we going to laugh about? Nothing.,,,ConvRisaMAJ
convrisamaj-52,yab,¡ tari%¡ yarikasemïjra,ta-ri\tyarika-se-mï-jra,say-NMLZ\tlaugh.at-PTCP-NMLZ-NEG,"Oh, there’s nothing to laugh about.",,,ConvRisaMAJ
convrisamaj-53,yab, nwa ma ta wïrë ya,nwa\tma\tta-∅\twïrë\tya,thus\tRESTR\tsay-IPFV\t1SG\tERG,That’s all I’m saying.,,,ConvRisaMAJ
convrisamaj-54,yab, pïrarë,pïrarë,nothing,Nothing.,,,ConvRisaMAJ
desccasmaj-001,yab," irë wejtane, ejnë waimuja mërë warë",?\twejtane\tejnë\twaimu-∅-ja\t?\t?,?\thowever\t1+2\tspeak-IPFV-NEG\t?\t?,,,nan,DescCasMAJ
desccasmaj-002,yab," toto yaye, ejnë waimu",toto\tyaye\tejnë\twaimu-∅,non.indian\t***\t1+2\t?,,,nan,DescCasMAJ
desccasmaj-003,yab, irëjpë rë,?\trë,?\tEMP,después,,nan,DescCasMAJ
desccasmaj-004,yab, kajkë ti makë,kaj-kë\tti\t?,say-IMP\tQUOT\t?,diga pues mamá,,nan,DescCasMAJ
desccasmaj-005,yab,¿ sere ka?,?\t?,?\t?,¿el casabe?,,nan,DescCasMAJ
desccasmaj-006,yab, ë'ë,ë'ë,yes,sí,,nan,DescCasMAJ
desccasmaj-007,yab, ati yaka ejnë tëri,?\t?\tejnë\ttë-ri,?\t?\t1+2\t?,cuando vamos al conuco,,nan,DescCasMAJ
desccasmaj-008,yab, sere mëkase,?\t?,?\t?,cuando uno va a arrancar yuca,,nan,DescCasMAJ
desccasmaj-009,yab," irëjpë, apo neke ne yajkapëkë",?\tapo\tneke\tne\tyajkapëkë,?\tlater\tCONTRAST\tINTS\t***,"después, primero se limpia",,nan,DescCasMAJ
desccasmaj-010,yab," irëjpë yëjpë mapëti chipokono, warë, yutu yaka",?\t?\tma-pëti-∅\tchi=poko-no\t?\tyutu\t?,?\t?\t?\tCOP=on.surface-NMLZ\t?\twilderness\t?,después lo estaban botando hacia el monte,,nan,DescCasMAJ
desccasmaj-011,yab, irëjpë yawakari,?\tyawaka-ri,?\t?,después sembrar,,nan,DescCasMAJ
desccasmaj-012,yab," mëkari sukase, ti ta ta",?\tsukase\tti\t?\t?,?\tall\tQUOT\t?\t?,"arrancar, todo, así dijo",,nan,DescCasMAJ
desccasmaj-013,yab, irëjpë nepïrï ëjtë yaka,?\tnepï-rï\t?\t?,?\tbring-IPFV\t?\t?,después se trae para la casa,,nan,DescCasMAJ
desccasmaj-014,yab," irëjpë pikari, yawakïrï",?\tpika-ri\tyawakï-rï,?\t?\tgrate-IPFV,después se raspa y se ralla,,nan,DescCasMAJ
desccasmaj-015,yab, irëjpë yamanëri,?\tyamanë-ri,?\t?,después se acomoda,,nan,DescCasMAJ
desccasmaj-016,yab," takono yatun yawë, ejnë...",?\tyatun\tyawë\tejnë,?\tsun\tLOC\t1+2,"al día siguiente, nosotros...",,nan,DescCasMAJ
desccasmaj-017,yab, ejnë yasukatopo,ejnë\tyasuka-topo,1+2\tpress-CIRC.NMLZ,para sebucanearlo,,nan,DescCasMAJ
desccasmaj-018,yab, irëjpë yasukari,?\tyasuka-ri,?\t?,después se sebucanea,,nan,DescCasMAJ
desccasmaj-019,yab, irëjpë yekeri,?\tyeke-ri,?\t?,después se extiende,,nan,DescCasMAJ
desccasmaj-020,yab, nwa ti,?\tti,?\tQUOT,así pues,,nan,DescCasMAJ
desccasmaj-021,yab," yekeri nwarë, tari po yekeri",yeke-ri\t?\t?\tpo-∅\tyeke-ri,?\t?\t?\t?\t?,en budare se extiende,,nan,DescCasMAJ
desccasmaj-022,yab, penarë umukupe wïrë chi yawë,penarë\tu-muku-pe\twïrë\tchi-∅\tyawë,before\t1-child-ESS\t1SG\t?\tLOC,antes cuando yo estaba muchacha,,nan,DescCasMAJ
desccasmaj-023,yab, entë ma wïrë yeke wejsapë wïrë sere pïjkë wïrë yewenke chipëkë,?\t?\twïrë\tyeke-∅\twej-sapë\twïrë\t?\tpïjkë\twïrë\ty-ewenke\tchi=pëkë,?\t?\t1SG\t?\tCOP-PFV\t1SG\t?\tDIM\t1SG\tLK-not.know\tCOP=on.surface,"así (chiquitico) yo extendía mi casabito, porque yo no sabía",,nan,DescCasMAJ
desccasmaj-024,yab, irëjpë...,?,?,,,nan,DescCasMAJ
desccasmaj-025,yab, mënai wëjkase chijpë wararë,më-nai-∅\twëjka-se\tchi-jpë\t?,?\t?\t?\t?,se cayó tu cosa,,nan,DescCasMAJ
desccasmaj-026,yab,¿ wïrë nai wëjkase?,wïrë\tnai-∅\twëjka-se,1SG\t?\t?,se me cayó mi cosa (el microfono)?,,nan,DescCasMAJ
desccasmaj-027,yab, wïrë pojteja ta,wïrë\tpojteja\t?,1SG\t***\t?,no me quiere,,nan,DescCasMAJ
desccasmaj-028,yab, waimujrama sejkë ta,waimu-∅-jra=ma\tsejkë\t?,speak-IPFV-NEG=RESTR\t***\t?,no hables todavía,,nan,DescCasMAJ
desccasmaj-029,yab, nopejra mëwaimuru ta ta,nope-jra\tmë-waimuru-∅\t?\t?,good-NEG\t?\t?\t?,estás hablando feo,,nan,DescCasMAJ
desccasmaj-030,yab, wa chipëkë takï wïrë takï,wa\tchi=pëkë\t?\twïrë\t?,thus\tCOP=on.surface\t?\t1SG\t?,,,nan,DescCasMAJ
desccasmaj-031,yab, tawanke wïrë chijpë pïnirë,tawanke\twïrë\tchi-jpë\tpïnirë,with.knowledge\t1SG\t?\tnothing,yo no sabía nada antes,,nan,DescCasMAJ
desccasmaj-032,yab, mukupe wïrë chi yawë wïrë yëwanëta wanene pano,muku-pe\twïrë\tchi-∅\tyawë\twïrë\tyëwanëta-∅\twanene\tpano,child-ESS\t1SG\t?\tLOC\t1SG\t?\taunt:VOC\tdeceased,cuando era chiquita me enseño la finada mi suegra,,nan,DescCasMAJ
desccasmaj-033,yab," tari mukujpë pëkë wïrë yekepïti yawë, tëpo ma wïrë yëwanëjtëse wïrë",?\t?\tpëkë\twïrë\tyekepïti\tyawë\ttë-po\t?\twïrë\tyëwanëjtë-se\twïrë,?\t?\ton.surface\t1SG\t***\tLOC\tgo-DES\t?\t1SG\t?\t1SG,"extendiendo en un budare chiquitico, en eso yo aprendí",,nan,DescCasMAJ
desccasmaj-034,yab," wuriyampe wïrë wejtane ti, warë uyemekun yaka wëjkase,###",wuriyam-pe\twïrë\t?\tti\t?\tu-y-emekun\t?\twëjka-se,woman-ESS\t1SG\t?\tQUOT\t?\t1-LK-hand\t?\t?,"cuando ya me volví mujer, mi mano aprendió,",,nan,DescCasMAJ
desccasmaj-035,yab, wïrë yewenke tarojra wïrë ya,wïrë\ty-ewenke\t?\twïrë\t?,1SG\tLK-not.know\t?\t1SG\t?,no puedo decir que no sé,,nan,DescCasMAJ
desccasmaj-036,yab," wïrë yasukari, wïrë yekeri, wajto inche wïtëri, wïrë yasukari, katara kunë wïrë ya, kïmïi inche wïrë tëri, wïrë katara yaka wïrë itojpe, warë",wïrë\tyasuka-ri\twïrë\tyeke-ri\twajto\tin-che\twïtëri\twïrë\tyasuka-ri\tkatara\tkunë-∅\twïrë\t?\tkïmïi\tin-che\twïrë\ttë-ri\twïrë\tkatara\t?\twïrë\ti-tojpe\t?,1SG\t?\t1SG\t?\tfire\t?\t***\t1SG\t?\thot.sauce\t?\t1SG\t?\thot.pepper\t?\t1SG\t?\t1SG\thot.sauce\t?\t1SG\t?\t?,"yo lo sebucaneo, yo lo tiendo, voy a buscar la leña,  lo sebucaneo, hiervo mi catara, voy a buscar mi ají, para echarle a mi catara, ok",,nan,DescCasMAJ
desccasmaj-037,yab," warë wïrë chijpë mukupïjkë, marë inkë enirë, marë wïrë",?\twïrë\tchi-jpë\tmuku-pïjkë\t?\tin-kë\t?\t?\twïrë,?\t1SG\t?\tchild-DIM\t?\tsee-IMP\t?\t?\t1SG,"así era cuando era chiquitica, mira ahora, todavía soy así",,nan,DescCasMAJ
desccasmaj-038,yab," yapijtompe wïrë wejtane,¡ kë%¡ wïyapë moroni",yapijtom-pe\twïrë\t?\tkë\twïyapë\tmoroni,old-ESS\t1SG\t?\touch\t***\tpain,"aunque soy vieja, ay me duelen mis brazos",,nan,DescCasMAJ
desccasmaj-039,yab," uyemekun moroni, kwase neke uyu yamanëri, sere wejtane amarë wïrë nairi",u-y-emekun\tmoroni\tkwase\tneke\tu-y-u\tyamanë-ri\t?\twejtane\tamarë\twïrë\tnai-ri,1-LK-hand\tpain\thow\tCONTRAST\t1-LK-food\t?\t?\thowever\teven.so\t1SG\t?,"mis manos me duele, como será que voy a hacer mi casabe, así mismo hago casabe",,nan,DescCasMAJ
desccasmaj-040,yab, warë ti tapojtëpori ti maniki,?\tti\tta-pojtë-po-ri\tti\t?,?\tQUOT\t3P-want-DES-PERT\tQUOT\t?,así lo quiere,,nan,DescCasMAJ
desccasmaj-041,yab, ejnë taro,ejnë\t?,1+2\t?,lo que decimos,,nan,DescCasMAJ
desccasmaj-042,yab, arokatë,arokatë,***,difícil,,nan,DescCasMAJ
desccasmaj-043,yab," sere, arokatë, ta ta",?\tarokatë\t?\t?,?\t***\t?\t?,"el casabe, es dificil",,nan,DescCasMAJ
desccasmaj-044,yab, arokatë sere yamanëri,arokatë\t?\tyamanë-ri,***\t?\t?,es dificil hacer casabe,,nan,DescCasMAJ
desccasmaj-045,yab, arokatë sere pikari,arokatë\t?\tpika-ri,***\t?\t?,raspar yuca es dificil,,nan,DescCasMAJ
desccasmaj-046,yab, rokari,roka-ri,?,se lava,,nan,DescCasMAJ
desccasmaj-047,yab," warë, mëkari",?\t?,?\t?,"así, se arranca",,nan,DescCasMAJ
desccasmaj-048,yab, ejyapë morontamase,ejyapë\tmorontama-se,***\t?,nuestros brazos duelen,,nan,DescCasMAJ
desccasmaj-049,yab, pakara nepïrï,pakara\tnepï-rï,back.basket\tbring-IPFV,trayendo el catumare,,nan,DescCasMAJ
desccasmaj-050,yab," sere pikapëkë, ejnë wënkepïrï, warë, arokatono,",?\tpikapëkë\tejnë\twënkepï-rï\t?\tarokatono,?\t***\t1+2\tforget-IPFV\t?\t***,"raspando yuca, estamos distraidos, así, dificil",,nan,DescCasMAJ
desccasmaj-051,yab, arokaton takï ana tujtëri enirë,arokaton\t?\tana\ttujtë-ri\t?,***\t?\t1+3\t?\t?,hoy en día nosotros preparamos nuestra comida difícil,,nan,DescCasMAJ
desccasmaj-052,yab, arokaton ejnë warotari,arokaton\tejnë\twarotari,***\t1+2\t***,nuestro trabajo es dificil,,nan,DescCasMAJ
desccasmaj-053,yab, sere mëkari,?\t?,?\t?,sacar yuca,,nan,DescCasMAJ
desccasmaj-054,yab, yajkari,yajka-ri,?,limpiar,,nan,DescCasMAJ
desccasmaj-055,yab, mëkari,?,?,arrancar,,nan,DescCasMAJ
desccasmaj-056,yab, yëjpë yakëtëri,?\tyakëtë-ri,?\t?,se cortan los tallos,,nan,DescCasMAJ
desccasmaj-057,yab, irëjpë yawakari,?\tyawaka-ri,?\t?,después se siembra,,nan,DescCasMAJ
desccasmaj-058,yab," irëjpë pëmekïrï, irëjpë pëmekïrï",?\tpëmekï-rï\t?\tpëmekï-rï,?\tsweep-IPFV\t?\tsweep-IPFV,después se barre,,nan,DescCasMAJ
desccasmaj-059,yab," warë sukase tawara ejnë warotari, ejnë sere pëkë warotasemï",?\tsukase\ttawara\tejnë\twarotari\tejnë\t?\tpëkë\twarotasemï,?\tall\ttoo\t1+2\t***\t1+2\t?\ton.surface\t***,"así trabajamos todo, trabajamos sobre nuestra yuca",,nan,DescCasMAJ
desccasmaj-060,yab," tawarajra takï mokontomo toto chi, nope mokontomo seremari",tawara-jra\t?\tmokontomo\ttoto\tchi-∅\tnope\tmokontomo\ts-erema-ri,too-NEG\t?\t2PL\tnon.indian\t?\tgood\t2PL\t?,"ustedes los criollos no son así, ustedes comen bien",,nan,DescCasMAJ
desccasmaj-061,yab, tawaja takï ana,tawaja\t?\tana,not.thus\t?\t1+3,nosotros no es así,,nan,DescCasMAJ
desccasmaj-062,yab, pumanse ana tujtëri,pumanse\tana\ttujtë-ri,little.food\t1+3\t?,"###, preparamos comida",,nan,DescCasMAJ
desccasmaj-063,yab, sere yawakïrï,?\tyawakï-rï,?\tgrate-IPFV,rallar yuca,,nan,DescCasMAJ
desccasmaj-064,yab," serere yawakïja chi yawë, pïrarë serejra",serere\tyawakï-∅-ja\tchi-∅\tyawë\tpïrarë\t?,***\tgrate-IPFV-NEG\t?\tLOC\tnothing\t?,"si no se ralla yuca, no hay yuca",,nan,DescCasMAJ
desccasmaj-065,yab," mañuku yamanëja chi yawë, pïrarë mañukujra",mañuku\t?\tchi-∅\tyawë\tpïrarë\tmañuku-jra,manioc.meal\t?\t?\tLOC\tnothing\tmanioc.meal-PRIV,"si no hace mañoco, no hay mañoco",,nan,DescCasMAJ
desccasmaj-066,yab, sere yamapo yawë,?\tyama-po\tyawë,?\tmake-DES\tLOC,cuando quiere hacer yuca,,nan,DescCasMAJ
desccasmaj-067,yab," mañuku neke ne, arokatë",mañuku\tneke\tne\tarokatë,manioc.meal\tCONTRAST\tINTS\t***,el mañoco es difícil,,nan,DescCasMAJ
desccasmaj-068,yab, arokatë yawakïrï tëwï,arokatë\tyawakï-rï\ttëwï,***\tgrate-IPFV\t3SG,es dificil rallar ese,,nan,DescCasMAJ
desccasmaj-069,yab, yojmari,yojma-ri,?,mezclar,,nan,DescCasMAJ
desccasmaj-070,yab, yawakari,yawaka-ri,?,sembrar,,nan,DescCasMAJ
desccasmaj-072,yab, arokatë,arokatë,***,difícil,,nan,DescCasMAJ
desccasmaj-073,yab, sere neke ne tarine,?\tneke\tne\ttarine,?\tCONTRAST\tINTS\t***,el casabe es rápido,,nan,DescCasMAJ
desccasmaj-074,yab, arokatë ana warotari ana,arokatë\tana\twarotari\tana,***\t1+3\t***\t1+3,nosotros trabajamos difícil,,nan,DescCasMAJ
desccasmaj-075,yab, ana poye rë,ana\tpoye\trë,1+3\tabout\tEMP,en nuestra manera,,nan,DescCasMAJ
desccasmaj-076,yab, mañuku ma taji rë arokatë,mañuku\t?\ttaji\trë\tarokatë,manioc.meal\t?\t?\tEMP\t***,el mañoco es mucho más difícil,,nan,DescCasMAJ
desccasmaj-077,yab, wa chijpë ti najmoton pano ya,wa\tchi-jpë\tti\tnajmo-ton\tpano\t?,thus\t?\tQUOT\tgrand.mother-PL\tdeceased\t?,así fueron las finadas mis abuelas,,nan,DescCasMAJ
desccasmaj-078,yab, arokatë mokontomo wejtojpano mokontomo,arokatë\tmokontomo\twejtojpano\tmokontomo,***\t2PL\t***\t2PL,para ustedes va a ser muy dificil,,nan,DescCasMAJ
desccasmaj-079,yab, mokontomo sawankuitojpano wïrë patajpë të,mokontomo\tsawankuitojpano\twïrë\t?\t?,2PL\t***\t1SG\t?\t?,ustedes van a sufrir después de mi muerte,,nan,DescCasMAJ
desccasmaj-080,yab," mokontomo warota yawë, sere pëkë mokontomo warota yawë",mokontomo\twarota\tyawë\t?\tpëkë\tmokontomo\twarota\tyawë,2PL\t***\tLOC\t?\ton.surface\t2PL\t***\tLOC,cuando ustedes trabajan con la yuca,,nan,DescCasMAJ
desccasmaj-081,yab," mokontomo yeretapi pëkë, mokontomo warota yawë, mokontomo sawankuijtojpan pïnirë, tarojpë tajne ya, irë wa chipëkë, tawarai ma takï ana",mokontomo\ty-eretapi\tpëkë\tmokontomo\twarota\tyawë\tmokontomo\tsawankuijtojpan\tpïnirë\t?\tta-jne\t?\t?\twa\tchi=pëkë\ttawarai\t?\t?\tana,2PL\tLK-crop\ton.surface\t2PL\t***\tLOC\t2PL\t***\tnothing\t?\t3-PL\t?\t?\tthus\tCOP=on.surface\tthus.N\t?\t?\t1+3,"si ustedes trabajan con sus sembrados no van a pasar trabajos, dijeron ellas, por eso somos así",,nan,DescCasMAJ
desccasmaj-082,yab, ana warotari,ana\twarotari,1+3\t***,nosotros trabajamos,,nan,DescCasMAJ
desccasmaj-083,yab," inkë takï, sarë wïrë wepïja wejsapë, mëwejyaka",in-kë\t?\t?\twïrë\twepï-∅-ja\twej-sapë\t?,see-IMP\t?\t?\t1SG\tcome-IPFV-NEG\tCOP-PFV\t?,"mira, yo no vine donde usted",,nan,DescCasMAJ
desccasmaj-084,yab," wïrë warotapëkë, wïrë sererijra",wïrë\twarotapëkë\twïrë\ts-ere-ri-jra,1SG\t***\t1SG\tDETRZ-scare-IPFV-NEG,"estaba trabajando (en otras cosas), no tengo casabe",,nan,DescCasMAJ
desccasmaj-085,yab, irë pana rë warë yapijtom terepun rërë,irë\tpana\trë\twarë\tyapijtom\tt-erepun\trë=rë,TMP:DEM\tear\tEMP\tthus\told\t3-sick\tEMP=EMP,pa completar el viejo el viejo está enfermo,,nan,DescCasMAJ
desccasmaj-086,yab," irë wa chipëkë, wïrë wepïrï tarine wïrë warotapëkë, muku",?\twa\tchi=pëkë\twïrë\twepï-rï\ttarine\twïrë\twarotapëkë\tmuku,?\tthus\tCOP=on.surface\t1SG\tcome-IPFV\t***\t1SG\t***\tchild,"por eso vine rápido, estoy trabajando, hija",,nan,DescCasMAJ
desccasmaj-087,yab," mïntë wïrë mëjtane pïnika tajtekene, tarine wïrë naiche ta",mïntë\twïrë\tmëj-tane\tpïnika\ttajtekene\ttarine\twïrë\tnai-che\t?,there\t1SG\twait-CNCS\tPROB\t***\t***\t1SG\t?\t?,"allá será que me está esperando, me vine rápido",,nan,DescCasMAJ
desccasmaj-088,yab," nopejra###, mërë wa ma, nope patakatojpan pïnirë mërë",nope-jra\t?\twa\t?\tnope\tpatakatojpan\tpïnirë\t?,good-NEG\t?\tthus\t?\tgood\t***\tnothing\t?,así no más ese no va a salir bien,,nan,DescCasMAJ
desccasmaj-089,yab, wïrë muku pëkë,wïrë\tmuku\tpëkë,1SG\tchild\ton.surface,con mis hijos,,nan,DescCasMAJ
desccasmaj-090,yab, kwatojpe mërë surukuru?,kwatojpe\t?\tsurukuru,what.for\t?\t***,porque estás apurada?,,nan,DescCasMAJ
desccasmaj-091,yab," enirë, nopejra patakari warë sere, mañuku",?\tnope-jra\tpataka-ri\t?\t?\tmañuku,?\tgood-NEG\t?\t?\t?\tmanioc.meal,"ahorita, sale malo, el casabe, el mañoco",,nan,DescCasMAJ
desccasmaj-092,yab," tasujre chipokono, makë",tasujre\tchi=poko-no\t?,liquid\tCOP=on.surface-NMLZ\t?,porque está aguado,,nan,DescCasMAJ
desccasmaj-093,yab, nopejra,nope-jra,good-NEG,está malo,,nan,DescCasMAJ
desccasmaj-094,yab, nopejra,nope-jra,good-NEG,,,nan,DescCasMAJ
desccasmaj-095,yab, tawara ma wïrë###,tawara\tma\twïrë,too\tRESTR\t1SG,,,nan,DescCasMAJ
desccasmaj-096,yab," irëjpë neke ne, warë, yëjpë, yëjpë rë",?\tneke\tne\t?\t?\t?\trë,?\tCONTRAST\tINTS\t?\t?\t?\tEMP,después las plantas,,nan,DescCasMAJ
desccasmaj-097,yab," warë, kamprake rë chi yawë neke ne",?\tkamprake\trë\tchi-∅\tyawë\tneke\tne,?\t***\tEMP\t?\tLOC\tCONTRAST\tINTS,"así, cuando están más grandes",,nan,DescCasMAJ
desccasmaj-098,yab, nope,nope,good,¿está bien?,,nan,DescCasMAJ
desccasmaj-099,yab, enirë marë intompijkë waretasapë,?\t?\tintompijkë\twareta-sapë,?\t?\tsmall\t?,ahora todavía apenas están saliendo las hojas,,nan,DescCasMAJ
desccasmaj-100,yab, marë ta ta wïrë,?\t?\t?\twïrë,?\t?\t?\t1SG,todavía digo yo,,nan,DescCasMAJ
desccasmaj-101,yab, mërë wa chipokono tasujre,?\twa\tchi=poko-no\ttasujre,?\tthus\tCOP=on.surface-NMLZ\tliquid,por eso está aguado,,nan,DescCasMAJ
desccasmaj-102,yab, wa chipëkë wïrë taro,wa\tchi=pëkë\twïrë\ttaro-∅,thus\tCOP=on.surface\t1SG\t?,por eso digo,,nan,DescCasMAJ
desccasmaj-103,yab, najmo sere kajra sejpëjtëkë,najmo\t?\t?\tsejpëjtëkë-∅,grand.mother\t?\t?\t?,abuela no pregunten por casabe,,nan,DescCasMAJ
desccasmaj-104,yab," wïrë yamanëja sere, yapijtompe wïrë tejwetune wïrë",wïrë\t?\t?\tyapijtom-pe\twïrë\ttejwetune\twïrë,1SG\t?\t?\told-ESS\t1SG\tsick\t1SG,"yo no hago casabe, estoy vieja y enferma",,nan,DescCasMAJ
desccasmaj-105,yab, anajpïrï mërë inija ka terepunu maniki?,anajpïrï\tmërë\tini-∅-ja\tka\tt-erepunu\tmaniki,***\t2SG\tsee-IPFV-NEG\tQP\t3-sick\tAN.REL,¿ustedes no han visto que su abuelo está enfermo,,nan,DescCasMAJ
desccasmaj-106,yab,¿ kwase wïrë warotari?,kwase\twïrë\twarotari,how\t1SG\t***,¿cómo trabajo?,,nan,DescCasMAJ
desccasmaj-107,yab," ta wïrë, uyatïrïrï wïrë, parurujne wïrë yawakarijra, tarojra",?\twïrë\tuyatïrïrï\twïrë\tparurujne\twïrë\tyawaka-ri-jra\t?,?\t1SG\t***\t1SG\t***\t1SG\tsow-IPFV-NEG\t?,"digo yo, mi conuco, no voy a sembrar platano, no digo",,nan,DescCasMAJ
desccasmaj-108,yab, ëmo pokono uyënkano pëkë,ëmo\tpoko-no\tu-y-ënkano\tpëkë,2:father:POS\ton.surface-NMLZ\t1-LK-thought\ton.surface,estoy pensando de tu papá,,nan,DescCasMAJ
desccasmaj-109,yab, mërë takï sere pëkë ana warotari,?\t?\t?\tpëkë\tana\twarotari,?\t?\t?\ton.surface\t1+3\t***,así trabajamos con la yuca,,nan,DescCasMAJ
desccasmaj-110,yab," warotase, tawarajra takï toto seremari",warotase\ttawara-jra\t?\ttoto\ts-erema-ri,***\ttoo-NEG\t?\tnon.indian\t?,"trabajando (mucho), así no comen los criollos",,nan,DescCasMAJ
desccasmaj-111,yab," arepa waraij yamanë ta, temekun pëkë",arepa\twaraij\tyamanë-∅\tta\tt-emekun\tpëkë,arepa\tlike\tmake-IPFV\tlike\t3-hand\ton.surface,"hace arepa, en su mano",,nan,DescCasMAJ
desccasmaj-112,yab, tujtëri nope,tujtë-ri\tnope,?\tgood,comen bien,,nan,DescCasMAJ
desccasmaj-113,yab, irë wejtane ejnë,?\twejtane\tejnë,?\thowever\t1+2,a pesar de eso nosotros,,nan,DescCasMAJ
desccasmaj-114,yab, irë wejtane tawarajra ana warotase,?\twejtane\ttawara-jra\tana\twarotase,?\thowever\ttoo-NEG\t1+3\t***,sin embargo así no trabajamos nosotros,,nan,DescCasMAJ
desccasmaj-115,yab, ejnë yemekunu tatune,ejnë\ty-emekunu\ttatune,1+2\tLK-hand\t***,nuestra mano es caliente,,nan,DescCasMAJ
desccasmaj-116,yab," eni morone, sukase, senijne",eni\tmorone\tsukase\tsenijne,3IN:PX\tpainful\tall\t***,"esto duele, todo, estos",,nan,DescCasMAJ
desccasmaj-117,yab," tatune, sere chipëkë",tatune\t?\tchi=pëkë,***\t?\tCOP=on.surface,porque el casabe es caliente,,nan,DescCasMAJ
desccasmaj-118,yab," inkë, wïrë yemekunu wïrë wïrë parankanari warë",in-kë\twïrë\ty-emekunu\twïrë\twïrë\tparankana-ri\t?,see-IMP\t1SG\tLK-hand\t1SG\t1SG\tcontainer-PERT\t?,"mira, mis manos, mi olla es así",,nan,DescCasMAJ
desccasmaj-119,yab,"¡ taj%¡ wïrë naijtopo morone, sënkase poijpë, mjm",taj\twïrë\tnaij-topo\tmorone\ts-ënka-se\tpoijpë\tmjm,taj\t1SG\tdo-CIRC.NMLZ\tpainful\tDETRZ-finish-PST\tnail\t***,"taj! cuando yo hago duele, se acabaron mis uñas, aja",,nan,DescCasMAJ
desccasmaj-120,yab, toto###,toto,non.indian,los criollos ###,,nan,DescCasMAJ
desccasmaj-121,yab, ejnë yajka yawë rë,ejnë\tyajka-∅\tyawë\trë,1+2\t?\tLOC\tEMP,cuando limpiamos,,nan,DescCasMAJ
desccasmaj-122,yab, ejnë yemekun poijpë përëtëri sukase rë,ejnë\ty-emekun\tpoijpë\tpërëtë-ri\tsukase\trë,1+2\tLK-hand\tnail\t?\tall\tEMP,por eso nuestras uñas de las manos se quiebran todo,,nan,DescCasMAJ
desccasmaj-123,yab, mërë wa chipokono pïrarë,?\twa\tchi=poko-no\tpïrarë,?\tthus\tCOP=on.surface-NMLZ\tnothing,por eso no hay,,nan,DescCasMAJ
desccasmaj-124,yab, yënkase achikïpe nwarë pemekï ke,yënka-se\tachikïpe\t?\tpemekï\tke,?\tdirty\t?\t***\t***,tanto limpiar acaba el sucio,,nan,DescCasMAJ
desccasmaj-125a,yab, pïrarë,pïrarë,nothing,no hay,,nan,DescCasMAJ
desccasmaj-125b,yab, pïrarë,pïrarë,nothing,‎‘no hay,,nan,DescCasMAJ
desccasmaj-126,yab, tawara ta ta wïrë ya,tawara\t?\t?\twïrë\t?,too\t?\t?\t1SG\t?,así digo yo,,nan,DescCasMAJ
desccasmaj-127,yab, kwa ta yatun yawë chej chej chej chej,kwa\t?\tyatun\tyawë\tchej\tchej\tchej\tchej,***\t?\tsun\tLOC\tpull.out\tpull.out\tpull.out\tpull.out,"así en el día, chas, chas, chas, arrancando",,nan,DescCasMAJ
desccasmaj-128,yab, yatun pokono warotanë,yatun\tpoko-no\twarotanë,sun\ton.surface-NMLZ\t***,trabajamos todos los día,,nan,DescCasMAJ
desccasmaj-129,yab, warë ejnë chipokono,?\tejnë\tchi=poko-no,?\t1+2\tCOP=on.surface-NMLZ,por eso estamos así,,nan,DescCasMAJ
desccasmaj-130,yab, tarine ma,tarine\t?,***\t?,,,nan,DescCasMAJ
desccasmaj-131,yab, ejnë yemekunu,ejnë\ty-emekunu,1+2\tLK-hand,la mano de uno,,nan,DescCasMAJ
desccasmaj-132,yab, tarine ma ejnë tuma yemeri apo,tarine\t?\tejnë\t?\tyeme-ri\tapo,***\t?\t1+2\t?\t?\tlater,entre tanto comemos la comida rápido,,nan,DescCasMAJ
desccasmaj-133,yab, pïrarë tawara,pïrarë\ttawara,nothing\ttoo,igual no hay,,nan,DescCasMAJ
desccasmaj-134,yab," ati yaka ejnë tëtojpe, tënsen yenipëkë",?\t?\tejnë\ttë-tojpe\ttënsen\tyenipëkë,?\t?\t1+2\t?\tbeverage\t***,"para ir al conuco, tomamos la bebida",,nan,DescCasMAJ
desccasmaj-135,yab, arokatë,arokatë,***,difícil,,nan,DescCasMAJ
desccasmaj-136,yab, arokatono takï ana,arokatono\t?\tana,***\t?\t1+3,es difícil para nosotros,,nan,DescCasMAJ
desccasmaj-137,yab, arokatë ana,arokatë\tana,***\t1+3,es dificil para nosotros,,nan,DescCasMAJ
desccasmaj-138,yab, tëtumpe ana chiri,tëtum-pe\tana\tchi-ri,strength-ESS\t1+3\t?,(el trabajo) es muy fuerte para nosotros,,nan,DescCasMAJ
desccasmaj-139,yab, irë wa chipëkë sënkapëtijpë pïnika ejnë najmotom pano,?\twa\tchi=pëkë\ts-ënka-pëti-jpë\tpïnika\tejnë\tnajmotom\tpano,?\tthus\tCOP=on.surface\t?\tPROB\t1+2\t***\tdeceased,por eso sera que nuestras abuelas se murieron,,nan,DescCasMAJ
desccasmaj-140,yab, warotakem parë,warotakem\t?,***\t?,y los trabajadores,,nan,DescCasMAJ
desccasmaj-141,yab, mërë wa chipokon ta wïrë mukuton sëmpinuku yawë,?\twa\tchi=poko-n\t?\twïrë\tmuku-ton\tsëmpinuku-∅\tyawë,?\tthus\tCOP=on.surface-NMLZ\t?\t1SG\tchild-PL\t?\tLOC,"por eso, cuando se mueren mis hijos",,nan,DescCasMAJ
desccasmaj-142,yab,"¡ cha%¡ wïrë mukuru warotase wïrë këyamajpë,",?\twïrë\tmuku-ru\twarotase\twïrë\tkëyama-jpë,?\t1SG\tchild-PERT\t***\t1SG\t?,,,nan,DescCasMAJ
desccasmaj-143,yab," ta wïrë ya wïrë mukuton pëkë, wïrë ëjpïnï wïrë sëmori",?\twïrë\t?\twïrë\tmuku-ton\tpëkë\twïrë\tëjpïnï\twïrë\tsëmori,?\t1SG\t?\t1SG\tchild-PL\ton.surface\t1SG\t***\t1SG\t***,"así digo sobre mis hijos, yo me acuerdo y lloro",,nan,DescCasMAJ
desccasmaj-144,yab, wïrë tajteke ne,wïrë\ttajteke\tne,1SG\t***\tINTS,así digo yo,,nan,DescCasMAJ
desccasmaj-145,yab," makëton sënkapëjse, papatom sënkapëjse, najpïtom sënkapëjse,",makë-ton\ts-ënka-pëj-se\tpapatom\ts-ënka-pëj-se\tnajpïtom\ts-ënka-pëj-se,mother-PL\t?\t***\t?\t***\t?,"mis madres, padres, abuelos se murieron",,nan,DescCasMAJ
desccasmaj-146,yab, irë wa chipëkë wïrë ëjpïnï,?\twa\tchi=pëkë\twïrë\tëjpïnï,?\tthus\tCOP=on.surface\t1SG\t***,,,nan,DescCasMAJ
desccasmaj-147,yab," ëinjëi, ëinjëi, ëinjëi",ëinjëi\tëinjëi\tëinjëi,***\t***\t***,,,nan,DescCasMAJ
desccasmaj-148,yab,"¡ pa%¡ papa wejtano wëra wïrë, ta wïrë",pa\tpapa\twejtano\twëra\twïrë\t?\twïrë,surprise?IDEO\tfather:VOC\t***\tlike\t1SG\t?\t1SG,,,nan,DescCasMAJ
desccasmaj-149,yab," papa serematano wëra, wïrë seremari",papa\tserematano\twëra\twïrë\ts-erema-ri,father:VOC\t***\tlike\t1SG\t?,parece que mi papá está comiendo y yo estoy comiendo,,nan,DescCasMAJ
desccasmaj-150,yab," papa sukutaka yëntano wëra, wïrë sukutaka yëni wïrë ya",papa\tsukutaka\tyëntano\twëra\twïrë\tsukutaka\tyëni-∅\twïrë\t?,father:VOC\tmanioc.drink\t***\tlike\t1SG\tmanioc.drink\t?\t1SG\t?,"parece que  estuviera mi papá tomando yucuta, cuando yo tomo yucuta",,nan,DescCasMAJ
desccasmaj-151,yab," warë wïrë waimuru wïrë, wïrë samori kojpaye",?\twïrë\twaimuru-∅\twïrë\twïrë\tsamori\tkojpaye,?\t1SG\t?\t1SG\t1SG\t***\tlast.night,"así digo yo, y lloro de noche",,nan,DescCasMAJ
desccasmaj-152,yab, nope ne wïrë wïnïkïja,nope\tne\twïrë\twïnïkï-∅-ja,good\tINTS\t1SG\tsleep-IPFV-NEG,no duermo bien,,nan,DescCasMAJ
desccasmaj-153,yab, warë wïrë waraijtori terepunu rërë,warë\twïrë\twaraijto-ri\tt-erepunu\trë=rë,thus\t1SG\thusband-PERT\t3-sick\tEMP=EMP,ahora mi marido está enfermo,,nan,DescCasMAJ
desccasmaj-154,yab, tëwï ma pïnika,tëwï\t?\tpïnika,3SG\t?\tPROB,hasta ahí no más,,nan,DescCasMAJ
desccasmaj-155,yab,¡ chi%¡ anïkï waraij kërë,chi-∅\tanïkï\twaraij\t?,?\twho\tlike\t?,que es ese animal,,nan,DescCasMAJ
desccasmaj-156,yab, werewere,werewere,fly,mosca,,nan,DescCasMAJ
desccasmaj-157,yab, wïrë sëmaja rë wïrë,wïrë\tsëma-∅-ja\trë\twïrë,1SG\tdie-IPFV-NEG\tEMP\t1SG,yo no estoy muerta todavía,,nan,DescCasMAJ
desccasmaj-158,yab, marë wïrë këtaja rë,?\twïrë\tkëta-∅-ja\trë,?\t1SG\trot-IPFV-NEG\tEMP,todavía no me podrí,,nan,DescCasMAJ
desccasmaj-159,yab," chiri ma pïnika, enirë ka",chi-ri\t?\tpïnika\t?\t?,?\t?\tPROB\t?\t?,"eso será, ahora?",,nan,DescCasMAJ
