ID,Name,Description,Media_Type,Download_URL
ctorat-01,,,wav,
ctorat-02,,,wav,
ctorat-03,,,wav,
ctorat-04,,,wav,
ctorat-05,,,wav,
ctorat-06,,,wav,
ctorat-07,,,wav,
ctorat-08,,,wav,
ctorat-09,,,wav,
ctorat-10,,,wav,
ctorat-11,,,wav,
ctorat-12,,,wav,
ctorat-13,,,wav,
ctorat-14,,,wav,
ctorat-15,,,wav,
ctorat-16,,,wav,
ctorat-17,,,wav,
ctorat-18,,,wav,
ctorat-19,,,wav,
ctorat-20,,,wav,
ctorat-21,,,wav,
ctorat-22,,,wav,
ctorat-23,,,wav,
ctorat-24,,,wav,
ctorat-25,,,wav,
ctorat-26,,,wav,
ctorat-27,,,wav,
ctorat-28,,,wav,
ctorat-29,,,wav,
ctorat-30,,,wav,
ctorat-31,,,wav,
ctorat-32,,,wav,
ctorat-33,,,wav,
ctorat-34,,,wav,
ctorat-35,,,wav,
ctorat-36,,,wav,
ctorat-37,,,wav,
ctorat-38,,,wav,
ctorat-39,,,wav,
ctorat-40,,,wav,
ctorat-41,,,wav,
ctorat-42,,,wav,
ctorat-43,,,wav,
ctorat-44,,,wav,
ctorat-45,,,wav,
ctorat-46,,,wav,
convrisamaj-01,,,wav,
convrisamaj-02,,,wav,
convrisamaj-03,,,wav,
convrisamaj-04,,,wav,
convrisamaj-05,,,wav,
convrisamaj-06,,,wav,
convrisamaj-07,,,wav,
convrisamaj-09,,,wav,
convrisamaj-10,,,wav,
convrisamaj-11,,,wav,
convrisamaj-12,,,wav,
convrisamaj-13,,,wav,
convrisamaj-14,,,wav,
convrisamaj-15,,,wav,
convrisamaj-16,,,wav,
convrisamaj-17,,,wav,
convrisamaj-18,,,wav,
convrisamaj-19,,,wav,
convrisamaj-20,,,wav,
convrisamaj-21,,,wav,
convrisamaj-22,,,wav,
convrisamaj-23,,,wav,
convrisamaj-24,,,wav,
convrisamaj-25,,,wav,
convrisamaj-26,,,wav,
convrisamaj-27,,,wav,
convrisamaj-28,,,wav,
convrisamaj-29,,,wav,
convrisamaj-30,,,wav,
convrisamaj-31,,,wav,
convrisamaj-32,,,wav,
convrisamaj-33,,,wav,
convrisamaj-34,,,wav,
convrisamaj-35,,,wav,
convrisamaj-36,,,wav,
convrisamaj-37,,,wav,
convrisamaj-38,,,wav,
convrisamaj-39,,,wav,
convrisamaj-40,,,wav,
convrisamaj-41,,,wav,
convrisamaj-42,,,wav,
convrisamaj-43,,,wav,
convrisamaj-44,,,wav,
convrisamaj-46,,,wav,
convrisamaj-47,,,wav,
convrisamaj-48,,,wav,
convrisamaj-49,,,wav,
convrisamaj-50,,,wav,
convrisamaj-53,,,wav,
convrisamaj-54,,,wav,
62e12d1c-dd51-4a74-af84-2c7b0b87d0c12-ri-zero,YarLex_1928_PaPe_ta_yojtesemi,,wav,
661dfe17-72bb-4a4f-aac2-e6d211c3b46b0,YarLex_2197_AnFo_waijta,,wav,
2d4fe89b-c49d-4d19-86ae-209f48c5b2250,YarLex_0494_AnFo_irejpe,,wav,
ta-like-0,YarLex_1928_PaPe_ta_yojtesemi,,wav,
041cd4a0-4dca-4c25-8f2f-ebceb26331430,YarLex_1915_AnFo_tawani,,wav,
yaweloc-0,YarLex_2622_PaPe_yawe,,wav,
e3b3482c-4e80-4935-9308-c271dff140970,YarLex_0666_PaPe_kawe,,wav,
3b92fde8-f646-47dd-b190-18c1ca2d60791,YarLex_1908_AnFo_tawara,,wav,
587b3015-391a-4db2-b4b9-0e92563a53320,YarLex_2046_AnFo_tewi,,wav,
01feb68b-3266-4cd2-88a7-6234865d1cbf0,YarLex_2368_PaPe_wejtane,,wav,
b97a0ed7-7ceb-4cab-83d8-5b30b45d9a590,YarLex_1420_PaPe_pirare,,wav,
79766ee2-3962-4bcd-ae1b-bcc332d75e880-rupert,YarLex_2377_PaPe_wenaru,,wav,
7ccdea1f-add1-4fd0-b650-5473ccff99fd0,YarLex_1021_AnFo_morone,,wav,
2b5fa12b-1e2c-4dcb-92bd-48dfa2a328420,YarLex_2428_PaPe_wire,,wav,
02c99f34-5b27-4ff8-819a-dc4a34dca14e0,YarLex_0718_AnFo_kerejpe,,wav,
97376aaf-48ae-4848-b0b5-80e15dcc0f640,YarLex_1408_AnFo_pinika,,wav,
13cd1d8d-11c6-434c-aa1f-02e60843e20f1,YarLex_0486_PaPe_intipijke,,wav,
d60c16f6-6d07-454e-8e29-02ac2e523b210,YarLex_2964_PaPe_papa_pijke,,wav,
e9153cf6-9be7-49e6-bcfc-e0ce6a619ad00,YarLex_0094_AnFo_aroma,,wav,
asamo-0-ri,YarLex_0112_AnFo_asamori-02,,wav,
d76755e4-0428-44f1-8e3e-0a7c53f3299a0,YarLex_1222_AnFo_pachi,,wav,
984c0006-d17d-4c00-bf9d-c9d619efc53d0,YarLex_2944_PaPe_muku_yaseti,,wav,
i32-a5589c54-8bcd-40e2-9d28-b29f1592ccd30-ri,YarLex_0455_PaPe_ijteri,,wav,
panadat-0,YarLex_1245_AnFo_pana_yejtari,,wav,
fbfba517-2e95-49ee-a166-ba024120a1660-pstjpe1,YarLex_1282_AnFo_patajpe,,wav,
4604aff4-10aa-40dd-9995-f14ff00422af0,YarLex_1414_AnFo_pipi_kampara,,wav,
23a588f1-4d83-4973-a6db-2a25f9f017e90,YarLex_2402_AnFo_weroro,,wav,
e737d222-c9df-462a-bb49-9b7c675222920,YarLex_1694_PaPe_sere_yekeese,,wav,
it3-1e660160-fcfa-4356-963c-7ce339c95c530,YarLex_1826_AnFo_takere,,wav,
pijke-dim-0,YarLex_2986_AnFo_pijke,,wav,
db2ee1eb-62e7-439d-bad9-bd65ee3a230b0-ri,YarLex_0485_PaPe_iniri,,wav,
866eb4fd-5869-403f-a12d-922cb0f26a9a0-ri,YarLex_2581_AnFo_yaruwari,,wav,
6834a422-bece-4f7c-9e98-baa8ba7f2f381,YarLex_1007_AnFo_mokontomo,,wav,
7770d7b9-08b4-478c-a7a1-3db99929fc4b0,YarLex_2148_AnFo_tunampe,,wav,
chi-ch-chij-cop-0-ri,YarLex_0235_AnFo_chiri,,wav,
31f8c6fb-23e7-448a-8b2c-4cf698a01a6d0,YarLex_2048_PaPe_tewisantomo,,wav,
a6194807-28a2-45e2-a45f-e335729278fb0,YarLex_1271_AnFo_pare,,wav,
62e12d1c-dd51-4a74-af84-2c7b0b87d0c12-ri,YarLex_1888_AnFo_tari,,wav,
e4e9ed1e-f5ad-485b-a3ab-08c1ee75d3150,YarLex_2118_PaPe_toto,,wav,
72a3a43c-8f74-4c86-967a-caf0649c90390,YarLex_0068_PaPe_apo,,wav,
5bf1c4e0-b285-4900-af83-371ae8b2be950-ri-ri,YarLex_2609_PaPe_yawakiri,,wav,
763cd0a8-2338-47f6-be83-51c37991b1291,YarLex_2603_PaPe_yatun_yawono,,wav,
984c0006-d17d-4c00-bf9d-c9d619efc53d0-pijkedim,YarLex_1066_AnFo_mukupijke,,wav,
f43f24c6-70f2-4f76-9968-89c93c36e6a80,YarLex_1023_AnFo_moroni,,wav,
8d43305e-ddde-494b-9a32-2481ac7112340,YarLex_1231_PaPe_pakara,,wav,
9f9386c6-b578-43d5-bab7-799a8a83b1fd0-ri-ri,YarLex_2381_AnFo_wenkepiri,,wav,
22f358b4-bc6f-46df-a2fc-3c800ddbecc60,YarLex_1506_PaPe_poye,,wav,
7cc6bc32-d27f-4900-a476-8233b39f126e0,YarLex_1245_AnFo_pana_yejtari,,wav,
55db3ac7-4711-4980-845e-4b966dff41bc0-ri-ri,YarLex_2389_AnFo_wepiri,,wav,
52a43911-b956-43e5-a771-9cb4612a6e4b1,YarLex_0489_PaPe_intompijke,,wav,
ylk-ba4e062c-47d3-40c5-b184-a9f7511dc2950,YarLex_2666_PaPe_yemekunu,,wav,
9b08ef13-a56a-4e19-acf8-5783e1ce46d30,YarLex_1446_AnFo_poijpe,,wav,
784793f4-7a39-41f8-bce9-790e98edeefb1-peess,YarLex_2039_PaPe_tetumpe,,wav,
b4213c12-4abe-46d2-9e9e-f2a745fd84640,YarLex_0767_PaPe_kojpaye,,wav,
17979045-3607-4747-86de-4cdeacfc568b0,YarLex_2394_AnFo_werewere,,wav,
